Designator,Footprint,Quantity,Value,LCSC Part #
A1,Arduino_Nano,1,Arduino_Nano_Every,
"C1, C2, C3, C31, C35, C4, C5, C6, C7, C8, C9",C_0805_2012Metric,11,22u,
"C10, C11, C12, C13, C14, C15, C16, C17, C18, C19",C_0805_2012Metric,10,47u,
"C20, C21, C22, C23, C24, C25, C26, C27, C28, C29, C30, C32, C33, C34, C36, C37, C38, C39, C40, C41, C42, C43, C44, C45, C46, C47, C48",C_0603_1608Metric,27,100nf,
"D1, D2, D3",LED_0603_1608Metric,3,0603_LED,
"H1, H2, H3, H4, H5, H6, H7, H8",MountingHole_2.2mm_M2_ISO7380_Pad,8,MountingHole,
"J1, J2, J3, J4",PinHeader_1x08_P2.54mm_Vertical,4,Conn_01x08,
"J10, J11, J12, J13, J14, J15, J16, J17, J18, J19, J20, J21, J22, J23, J24, J25, J26, J27",PinHeader_2x05_P2.54mm_Vertical,18,Conn_02x05_Odd_Even,
"J28, J29, J30, J31, J32, J33, J34, J35, J36, J37, J38, J39, J40, J5",PinSocket_1x02_P2.54mm_Vertical,14,Conn_01x02,
J6,BarrelJack_Horizontal,1,Barrel_Jack_MountingPin,
"J7, J8, J9",PinHeader_2x02_P2.54mm_Vertical,3,Conn_02x02_Odd_Even,
"JP1, JP2, JP3, JP4",SolderJumper-3_P1.3mm_Bridged12_RoundedPad1.0x1.5mm,4,Jumper,
"R1, R10, R12, R14, R16, R18, R2, R22, R4, R6, R8",R_0402_1005Metric,11,2k2,
"R11, R13, R15, R17, R3, R5, R7, R9",VG039NCHXT,8,VG039NCHXTB503,
"R19, R20, R21",R_0402_1005Metric,3,10k,
"U1, U2, U3",TSSOP-16_4.4x5mm_P0.65mm,3,74HC238,
"U10, U11, U4, U5, U6, U7, U8, U9",QSOP-24_3.9x8.7mm_P0.635mm,8,TLC59282DBQR...SM16206,
U12,TSSOP-8_3x3mm_P0.65mm,1,PCA9617ADPJ,
"U13, U14, U15, U16, U17, U18, U19, U20, U21, U22, U23, U24",HSOP-8-1EP_3.9x4.9mm_P1.27mm_EP2.3x2.3mm,12,PT5126A,
U25,SSO-8_6.7x9.8mm_P2.54mm_Clearance8mm,1,6N137,
